Workbook

Sheet HD
B2: =[1]HD_مرجع!$B$2 -> PE PIPE for Water supply according to DIN 8074 / ISO 4427-2
B3: =[1]HD_مرجع!B3 -> مشخصات لوله های آبرسانی بر اساس استاندارد INSO 14427-2 ( بوکان پایپ)
C4: =[1]HD_مرجع!$B$4 -> Nominal Pressure (PN) bar
B5: =[1]HD_مرجع!C5 -> 0 | C5: =[1]HD_مرجع!D5 -> PN2.5 | D5: =[1]HD_مرجع!F5 -> PN3.2 | E5: =[1]HD_مرجع!H5 -> PN4 | F5: =[1]HD_مرجع!J5 -> PN5 | G5: =[1]HD_مرجع!L5 -> PN6 | H5: =[1]HD_مرجع!N5 -> PN8 | I5: =[1]HD_مرجع!P5 -> PN10 | J5: =[1]HD_مرجع!R5 -> PN12.5 | K5: =[1]HD_مرجع!T5 -> PN16 | L5: =[1]HD_مرجع!V5 -> PN20 | M5: =[1]HD_مرجع!X5 -> PN25
B6: =[1]HD_مرجع!C6 -> 0 | C6: =[1]HD_مرجع!D6 -> PN3.2 | D6: =[1]HD_مرجع!F6 -> PN4 | E6: =[1]HD_مرجع!H6 -> PN5 | F6: =[1]HD_مرجع!J6 -> PN6 | G6: =[1]HD_مرجع!L6 -> PN8 | H6: =[1]HD_مرجع!N6 -> PN10 | I6: =[1]HD_مرجع!P6 -> PN12.5 | J6: =[1]HD_مرجع!R6 -> PN16 | K6: =[1]HD_مرجع!T6 -> PN20 | L6: =[1]HD_مرجع!V6 -> PN25 | M6: =[1]HD_مرجع!X6 -> -
B7: =[1]HD_مرجع!$C$7 -> 0 | C7: =[1]HD_مرجع!D7 -> 51 | D7: =[1]HD_مرجع!F7 -> 41 | E7: =[1]HD_مرجع!H7 -> 33 | F7: =[1]HD_مرجع!J7 -> 26 | G7: =[1]HD_مرجع!L7 -> 21 | H7: =[1]HD_مرجع!N7 -> 17 | I7: =[1]HD_مرجع!P7 -> 13.6 | J7: =[1]HD_مرجع!R7 -> 11 | K7: =[1]HD_مرجع!T7 -> 9 | L7: =[1]HD_مرجع!V7 -> 7.4 | M7: =[1]HD_مرجع!X7 -> 6
B8: =[1]HD_مرجع!C8 -> 0 | C8: en ( mm ) | D8: en ( mm ) | E8: en ( mm ) | F8: en ( mm ) | G8: en ( mm ) | H8: en ( mm ) | I8: en ( mm ) | J8: en ( mm ) | K8: en ( mm ) | L8: en ( mm ) | M8: en ( mm )
B9: =[1]HD_مرجع!C10 -> 16 | C9: =[1]HD_مرجع!D10 -> - | D9: =[1]HD_مرجع!F10 -> - | E9: =[1]HD_مرجع!H10 -> - | F9: =[1]HD_مرجع!J10 -> - | G9: =[1]HD_مرجع!L10 -> - | H9: =[1]HD_مرجع!N10 -> - | I9: =[1]HD_مرجع!P10 -> - | J9: =[1]HD_مرجع!R10 -> - | K9: =[1]HD_مرجع!T10 -> 2 | L9: =[1]HD_مرجع!V10 -> 2.3 | M9: =[1]HD_مرجع!X10 -> 3
B10: =[1]HD_مرجع!C11 -> 20 | C10: =[1]HD_مرجع!D11 -> - | D10: =[1]HD_مرجع!F11 -> - | E10: =[1]HD_مرجع!H11 -> - | F10: =[1]HD_مرجع!J11 -> - | G10: =[1]HD_مرجع!L11 -> - | H10: =[1]HD_مرجع!N11 -> - | I10: =[1]HD_مرجع!P11 -> - | J10: =[1]HD_مرجع!R11 -> 2 | K10: =[1]HD_مرجع!T11 -> 2.3 | L10: =[1]HD_مرجع!V11 -> 3 | M10: =[1]HD_مرجع!X11 -> 3.4
B11: =[1]HD_مرجع!C12 -> 25 | C11: =[1]HD_مرجع!D12 -> - | D11: =[1]HD_مرجع!F12 -> - | E11: =[1]HD_مرجع!H12 -> - | F11: =[1]HD_مرجع!J12 -> - | G11: =[1]HD_مرجع!L12 -> 1.5 | H11: =[1]HD_مرجع!N12 -> 1.8 | I11: =[1]HD_مرجع!P12 -> 2 | J11: =[1]HD_مرجع!R12 -> 2.3 | K11: =[1]HD_مرجع!T12 -> 3 | L11: =[1]HD_مرجع!V12 -> 3.5 | M11: =[1]HD_مرجع!X12 -> 4.2
B12: =[1]HD_مرجع!C13 -> 32 | C12: =[1]HD_مرجع!D13 -> - | D12: =[1]HD_مرجع!F13 -> - | E12: =[1]HD_مرجع!H13 -> - | F12: =[1]HD_مرجع!J13 -> - | G12: =[1]HD_مرجع!L13 -> - | H12: =[1]HD_مرجع!N13 -> 2 | I12: =[1]HD_مرجع!P13 -> 2.4 | J12: =[1]HD_مرجع!R13 -> 3 | K12: =[1]HD_مرجع!T13 -> 3.6 | L12: =[1]HD_مرجع!V13 -> 4.4 | M12: =[1]HD_مرجع!X13 -> 5.4
B13: =[1]HD_مرجع!C14 -> 40 | C13: =[1]HD_مرجع!D14 -> - | D13: =[1]HD_مرجع!F14 -> - | E13: =[1]HD_مرجع!H14 -> - | F13: =[1]HD_مرجع!J14 -> 1.8 | G13: =[1]HD_مرجع!L14 -> 2 | H13: =[1]HD_مرجع!N14 -> 2.4 | I13: =[1]HD_مرجع!P14 -> 3 | J13: =[1]HD_مرجع!R14 -> 3.7 | K13: =[1]HD_مرجع!T14 -> 4.5 | L13: =[1]HD_مرجع!V14 -> 5.5 | M13: =[1]HD_مرجع!X14 -> 6.7
B14: =[1]HD_مرجع!C15 -> 50 | C14: =[1]HD_مرجع!D15 -> - | D14: =[1]HD_مرجع!F15 -> - | E14: =[1]HD_مرجع!H15 -> 1.8 | F14: =[1]HD_مرجع!J15 -> 2 | G14: =[1]HD_مرجع!L15 -> 2.4 | H14: =[1]HD_مرجع!N15 -> 3 | I14: =[1]HD_مرجع!P15 -> 3.7 | J14: =[1]HD_مرجع!R15 -> 4.6 | K14: =[1]HD_مرجع!T15 -> 5.6 | L14: =[1]HD_مرجع!V15 -> 6.9 | M14: =[1]HD_مرجع!X15 -> 8.3
B15: =[1]HD_مرجع!C16 -> 63 | C15: - | D15: =[1]HD_مرجع!F16 -> 1.8 | E15: =[1]HD_مرجع!H16 -> 2 | F15: =[1]HD_مرجع!J16 -> 2.5 | G15: =[1]HD_مرجع!L16 -> 3 | H15: =[1]HD_مرجع!N16 -> 3.8 | I15: =[1]HD_مرجع!P16 -> 4.7 | J15: =[1]HD_مرجع!R16 -> 5.8 | K15: =[1]HD_مرجع!T16 -> 7.1 | L15: =[1]HD_مرجع!V16 -> 8.6 | M15: =[1]HD_مرجع!X16 -> 10.5
B16: =[1]HD_مرجع!C17 -> 75 | C16: =[1]HD_مرجع!D17 -> 1.8 | D16: =[1]HD_مرجع!F17 -> 2 | E16: =[1]HD_مرجع!H17 -> 2.3 | F16: =[1]HD_مرجع!J17 -> 2.9 | G16: =[1]HD_مرجع!L17 -> 3.6 | H16: =[1]HD_مرجع!N17 -> 4.5 | I16: =[1]HD_مرجع!P17 -> 5.6 | J16: =[1]HD_مرجع!R17 -> 6.8 | K16: =[1]HD_مرجع!T17 -> 8.4 | L16: =[1]HD_مرجع!V17 -> 10.3 | M16: =[1]HD_مرجع!X17 -> 12.5
B17: =[1]HD_مرجع!C18 -> 90 | C17: =[1]HD_مرجع!D18 -> 1.8 | D17: =[1]HD_مرجع!F18 -> 2.2 | E17: =[1]HD_مرجع!H18 -> 2.8 | F17: =[1]HD_مرجع!J18 -> 3.5 | G17: =[1]HD_مرجع!L18 -> 4.3 | H17: =[1]HD_مرجع!N18 -> 5.4 | I17: =[1]HD_مرجع!P18 -> 6.7 | J17: =[1]HD_مرجع!R18 -> 8.2 | K17: =[1]HD_مرجع!T18 -> 10.1 | L17: =[1]HD_مرجع!V18 -> 12.3 | M17: =[1]HD_مرجع!X18 -> 15
B18: =[1]HD_مرجع!C19 -> 110 | C18: =[1]HD_مرجع!D19 -> 2.2 | D18: =[1]HD_مرجع!F19 -> 2.7 | E18: =[1]HD_مرجع!H19 -> 3.4 | F18: =[1]HD_مرجع!J19 -> 4.2 | G18: =[1]HD_مرجع!L19 -> 5.3 | H18: =[1]HD_مرجع!N19 -> 6.6 | I18: =[1]HD_مرجع!P19 -> 8.1 | J18: =[1]HD_مرجع!R19 -> 10 | K18: =[1]HD_مرجع!T19 -> 12.3 | L18: =[1]HD_مرجع!V19 -> 15.1 | M18: =[1]HD_مرجع!X19 -> 18.3
B19: =[1]HD_مرجع!C20 -> 125 | C19: =[1]HD_مرجع!D20 -> 2.5 | D19: =[1]HD_مرجع!F20 -> 3.1 | E19: =[1]HD_مرجع!H20 -> 3.9 | F19: =[1]HD_مرجع!J20 -> 4.8 | G19: =[1]HD_مرجع!L20 -> 6 | H19: =[1]HD_مرجع!N20 -> 7.4 | I19: =[1]HD_مرجع!P20 -> 9.2 | J19: =[1]HD_مرجع!R20 -> 11.4 | K19: =[1]HD_مرجع!T20 -> 14 | L19: =[1]HD_مرجع!V20 -> 17.1 | M19: =[1]HD_مرجع!X20 -> 20.8
B20: =[1]HD_مرجع!C21 -> 140 | C20: =[1]HD_مرجع!D21 -> 2.8 | D20: =[1]HD_مرجع!F21 -> 3.5 | E20: =[1]HD_مرجع!H21 -> 4.3 | F20: =[1]HD_مرجع!J21 -> 5.4 | G20: =[1]HD_مرجع!L21 -> 6.7 | H20: =[1]HD_مرجع!N21 -> 8.3 | I20: =[1]HD_مرجع!P21 -> 10.3 | J20: =[1]HD_مرجع!R21 -> 12.7 | K20: =[1]HD_مرجع!T21 -> 15.7 | L20: =[1]HD_مرجع!V21 -> 19.2 | M20: =[1]HD_مرجع!X21 -> 23.3
B21: =[1]HD_مرجع!C22 -> 160 | C21: =[1]HD_مرجع!D22 -> 3.2 | D21: =[1]HD_مرجع!F22 -> 4 | E21: =[1]HD_مرجع!H22 -> 4.9 | F21: =[1]HD_مرجع!J22 -> 6.2 | G21: =[1]HD_مرجع!L22 -> 7.7 | H21: =[1]HD_مرجع!N22 -> 9.5 | I21: =[1]HD_مرجع!P22 -> 11.8 | J21: =[1]HD_مرجع!R22 -> 14.6 | K21: =[1]HD_مرجع!T22 -> 17.9 | L21: =[1]HD_مرجع!V22 -> 21.9 | M21: =[1]HD_مرجع!X22 -> 26.6
B22: =[1]HD_مرجع!C23 -> 180 | C22: =[1]HD_مرجع!D23 -> 3.6 | D22: =[1]HD_مرجع!F23 -> 4.4 | E22: =[1]HD_مرجع!H23 -> 5.5 | F22: =[1]HD_مرجع!J23 -> 6.9 | G22: =[1]HD_مرجع!L23 -> 8.6 | H22: =[1]HD_مرجع!N23 -> 10.7 | I22: =[1]HD_مرجع!P23 -> 13.3 | J22: =[1]HD_مرجع!R23 -> 16.4 | K22: =[1]HD_مرجع!T23 -> 20.1 | L22: =[1]HD_مرجع!V23 -> 24.6 | M22: =[1]HD_مرجع!X23 -> 29.9
B23: =[1]HD_مرجع!C24 -> 200 | C23: =[1]HD_مرجع!D24 -> 3.9 | D23: =[1]HD_مرجع!F24 -> 4.9 | E23: =[1]HD_مرجع!H24 -> 6.2 | F23: =[1]HD_مرجع!J24 -> 7.7 | G23: =[1]HD_مرجع!L24 -> 9.6 | H23: =[1]HD_مرجع!N24 -> 11.9 | I23: =[1]HD_مرجع!P24 -> 14.7 | J23: =[1]HD_مرجع!R24 -> 18.2 | K23: =[1]HD_مرجع!T24 -> 22.4 | L23: =[1]HD_مرجع!V24 -> 27.4 | M23: =[1]HD_مرجع!X24 -> 33.2
B24: =[1]HD_مرجع!C25 -> 225 | C24: =[1]HD_مرجع!D25 -> 4.4 | D24: =[1]HD_مرجع!F25 -> 5.5 | E24: =[1]HD_مرجع!H25 -> 6.9 | F24: =[1]HD_مرجع!J25 -> 8.6 | G24: =[1]HD_مرجع!L25 -> 10.8 | H24: =[1]HD_مرجع!N25 -> 13.4 | I24: =[1]HD_مرجع!P25 -> 16.6 | J24: =[1]HD_مرجع!R25 -> 20.5 | K24: =[1]HD_مرجع!T25 -> 25.2 | L24: =[1]HD_مرجع!V25 -> 30.8 | M24: =[1]HD_مرجع!X25 -> 37.4
B25: =[1]HD_مرجع!C26 -> 250 | C25: =[1]HD_مرجع!D26 -> 4.9 | D25: =[1]HD_مرجع!F26 -> 6.2 | E25: =[1]HD_مرجع!H26 -> 7.7 | F25: =[1]HD_مرجع!J26 -> 9.6 | G25: =[1]HD_مرجع!L26 -> 11.9 | H25: =[1]HD_مرجع!N26 -> 14.8 | I25: =[1]HD_مرجع!P26 -> 18.4 | J25: =[1]HD_مرجع!R26 -> 22.7 | K25: =[1]HD_مرجع!T26 -> 27.9 | L25: =[1]HD_مرجع!V26 -> 34.2 | M25: =[1]HD_مرجع!X26 -> 41.6
B26: =[1]HD_مرجع!C27 -> 280 | C26: =[1]HD_مرجع!D27 -> 5.5 | D26: =[1]HD_مرجع!F27 -> 6.9 | E26: =[1]HD_مرجع!H27 -> 8.6 | F26: =[1]HD_مرجع!J27 -> 10.7 | G26: =[1]HD_مرجع!L27 -> 13.4 | H26: =[1]HD_مرجع!N27 -> 16.6 | I26: =[1]HD_مرجع!P27 -> 20.6 | J26: =[1]HD_مرجع!R27 -> 25.4 | K26: =[1]HD_مرجع!T27 -> 31.3 | L26: =[1]HD_مرجع!V27 -> 38.3 | M26: =[1]HD_مرجع!X27 -> 46.5
B27: =[1]HD_مرجع!C28 -> 315 | C27: =[1]HD_مرجع!D28 -> 6.2 | D27: =[1]HD_مرجع!F28 -> 7.7 | E27: =[1]HD_مرجع!H28 -> 9.7 | F27: =[1]HD_مرجع!J28 -> 12.1 | G27: =[1]HD_مرجع!L28 -> 15 | H27: =[1]HD_مرجع!N28 -> 18.7 | I27: =[1]HD_مرجع!P28 -> 23.2 | J27: =[1]HD_مرجع!R28 -> 28.6 | K27: =[1]HD_مرجع!T28 -> 35.2 | L27: =[1]HD_مرجع!V28 -> 43.1 | M27: =[1]HD_مرجع!X28 -> 52.3
... B33: =[1]HD_مرجع!C34 -> 630 | C33: =[1]HD_مرجع!D34 -> 12.3 | D33: =[1]HD_مرجع!F34 -> 15.4 | E33: =[1]HD_مرجع!H34 -> 19.3 | F33: =[1]HD_مرجع!J34 -> 24.1 | G33: =[1]HD_مرجع!L34 -> 30 | H33: =[1]HD_مرجع!N34 -> 37.4 | I33: =[1]HD_مرجع!P34 -> 46.3 | J33: =[1]HD_مرجع!R34 -> 57.2 | K33: =[1]HD_مرجع!T34 -> - | L33: =[1]HD_مرجع!V34 -> - | M33: =[1]HD_مرجع!X34 -> -
E34: =[1]HD_مرجع!H35 -> SDR:standard dimention ratio | G34: =[1]HD_مرجع!$L$35 -> en: Nominal thickness (mm) | J34: =[1]HD_مرجع!$Q$35 -> DN: Outer Diameter (mm)

Sheet گاز igs
B2: مشخصات لوله های گازرسانی تولیدی شرکت لوله پلی اتیلن بوکان بر اساس استاندارد (04) ISO4437 / IGS-M-PL-014-1
B3: سایز اسمی | C3: حداکثرقطر | D3: حداکثر دوپهنی | E3: حداقل ضخامت دیواره(mm) | G3: طول لوله ( m ) | H3: (mm) ابعاد نوار Dimension of yellow strip (milimeters)
B4: (mm) | C4: متوسط خارجی | D4: (برای شاخه) | E4: SDR13.6 | F4: SDR 11 | G4: Packing length (meter) | H4: عرض نوار | I4: عمق
B5: 25 | C5: 25.3 | D5: 1.2 | E5: - | F5: (0.4+)3 | G5: کلاف 100 متری | H5: 2-3 | I5: حداکثر 10% ضخامت جداره
B6: 32 | C6: 32.3 | D6: 1.3 | E6: - | F6: (0.4+)3 | G6: کلاف 100 متری | H6: 3-5
B7: 63 | C7: 63.4 | D7: 1.5 | E7: (0.6+)4.7 | F7: (0.7+)5.8 | G7: کلاف 100 متری | H7: 3-5
B8: 90 | C8: 90.6 | D8: 1.8 | E8: (0.8+)6.7 | F8: (1.0+)8.2 | G8: کلاف 50 متری | H8: 5-10
B9: 110 | C9: 110.7 | D9: 2.2 | E9: (1.1+)8.1 | F9: - | G9: شاخه 12 متری/کلاف 50 متری | H9: 5-10
B10: 125 | C10: 125.8 | D10: 2.5 | E10: (1.1+)9.2 | F10: - | G10: شاخه 12 متری | H10: 5-10
B11: 160 | C11: 161 | D11: 3.2 | E11: (1.3+)11.8 | F11: - | G11: شاخه 12 متری | H11: 5-10
B12: 200 | C12: 201.2 | D12: 4 | E12: (1.6+)14.7 | F12: - | G12: شاخه 12 متری | H12: 5-12
B13: 225 | C13: 226.4 | D13: 4.5 | E13: (1.8+)16.6 | F13: - | G13: شاخه 12 متری | H13: 5-12

Sheet LD
B2: PE PIPE for Irrigation according to INSO7607 / ISO 8779
C3: SDR 9 | E3: SDR 11 | G3: SDR 13,6 | I3: SDR 17 | K3: SDR 21 | M3: SDR 26
B4: Nominal pressure, (PN) bar
B5: PE 32 | C5: PN 6 | E5: - | G5: PN 4 | I5: - | K5: PN 2.5 | M5: -
B6: PE 40 | C6: PN 8 | E6: PN 6 | G6: - | I6: PN 4 | K6: - | M6: PN 2.5
B7: Nominal Size | C7: Wall thicknesses(mm)
C8: e min | D8: e max | E8: e min | F8: e max | G8: e min | H8: e max | I8: e min | J8: e max | K8: e min | L8: e max | M8: e min | N8: e max
B9: 12 | C9: 1,4 | D9: 1,7 | E9: 1,1 | F9: 1,4 | G9: — | H9: — | I9: — | J9: — | K9: — | L9: — | M9: — | N9: —
B10: 16 | C10: 1,8 | D10: 2,1 | E10: 1,5 | F10: 1,8 | G10: 1,2 | H10: 1,5 | I10: 1,0 | J10: 1,3 | K10: — | L10: — | M10: — | N10: —
B11: 20 | C11: 2,3 | D11: 2,7 | E11: 1,9 | F11: 2,3 | G11: 1,5 | H11: 1,8 | I11: 1,2 | J11: 1,5 | K11: 1,0 | L11: 1,3 | M11: - | N11: -
B12: 25 | C12: 2.8 | D12: 3.2 | E12: 2.3 | F12: 2.7 | G12: 1.9 | H12: 2.3 | I12: 1.5 | J12: 1.8 | K12: 1.2 | L12: 1.5 | M12: 1 | N12: 1.3
B13: 32 | C13: 3.6 | D13: 4.1 | E13: 2.9 | F13: 3.3 | G13: 2.4 | H13: 2.8 | I13: 1.9 | J13: 2.2 | K13: 1.6 | L13: 1.9 | M13: 1.3 | N13: 1.6
